year_month,aircraft_type_icao,flights_count,total_distance_km_sum,LTO_CO2_sum,CCD_CO2_sum,Total_CO2_sum,pax,origin,year
2025-02,A319,879.0,749683.97,1907219.0400000003,7189037.6,9096256.64,113918.0,historical,2025
2025-02,A320,9564.0,9481592.18,24588374.52,92287951.23,116876325.75,1601014.0,historical,2025
2025-02,A320Neo,1181.0,1352121.03,2580827.4899999998,10960397.7,13541225.81,197699.0,historical,2025
2025-02,A321,2274.0,2407445.48,6719465.34,28919129.27,35638594.61,466625.0,historical,2025
2025-03,A319,1082.0,913903.93,2347680.3200000003,8794940.83,11142621.15,140227.0,historical,2025
2025-03,A320,11644.0,11764016.9,29935908.919999998,114191227.84,144127136.76,1949206.0,historical,2025
2025-03,A320Neo,1705.0,1895855.11,3725919.4499999997,15430598.82,19156519.34,285417.0,historical,2025
2025-03,A321,2862.0,2951879.26,8456952.42,35549516.0,44006468.42,587282.0,historical,2025
2025-04,A319,934.0,828646.39,2026555.8400000003,7925401.52,9951957.36,121046.0,historical,2025
2025-04,A320,12659.0,13020056.97,32545402.869999997,126116824.69,158662227.56,2119117.0,historical,2025
2025-04,A320Neo,1915.0,2000727.0,4184830.35,16434306.6,20619137.98,320571.0,historical,2025
2025-04,A321,2825.0,2863295.25,8347620.75,34563361.76,42910982.51,579690.0,historical,2025
2025-05,A319,1032.0,918814.77,2239192.3200000003,8768220.299999999,11007412.62,133747.0,historical,2025
2025-05,A320,13692.0,14165761.38,35201173.559999995,137120899.07,172322072.63,2292041.0,historical,2025
2025-05,A320Neo,1740.0,1949191.93,3802404.6,15858084.18,19660490.18,291276.0,historical,2025
2025-05,A321,3223.0,3125206.75,9523674.93,37928082.25,47451757.18,661360.0,historical,2025
2025-05,A321Neo,148.0,158013.3,371727.16000000003,1607834.57,1979562.1,31435.0,historical,2025
2025-06,A319,1018.0,900489.4400000001,2208815.68,8609014.18,10817829.86,131933.0,historical,2025
2025-06,A320,14406.0,15090968.41,37036817.58,145839638.68,182876456.26,2411564.0,historical,2025
2025-06,A320Neo,1602.0,1791876.74,3500834.58,14568005.99,18068841.76,268175.0,historical,2025
2025-06,A321,3007.0,2882634.81,8885414.37,34996929.31,43882343.68,617036.0,historical,2025
2025-06,A321Neo,263.0,234233.78,660569.21,2436682.61,3097252.36,55861.0,historical,2025
2025-07,A319,891.0,826209.53,1933256.1600000001,7833748.81,9767004.97,115474.0,historical,2025
2025-07,A320,15506.0,16203219.37,39864840.58,156576560.26,196441400.84,2595704.0,historical,2025
2025-07,A320Neo,1825.0,2016212.04,3988154.25,16414974.46,20403130.14,305505.0,historical,2025
2025-07,A321,3098.0,3152864.35,9154311.18,37951681.21,47105992.39,635710.0,historical,2025
2025-07,A321Neo,339.0,397690.85,851456.13,3997529.19,4848985.91,72004.0,historical,2025
2025-08,A319,1132.0,995162.03,2456168.3200000003,9519911.45,11976079.77,146707.0,historical,2025
2025-08,A320,15731.0,16546401.19,40443299.83,159745333.5,200188633.33,2633369.0,historical,2025
2025-08,A320Neo,1640.0,1772799.34,3583875.6,14480867.43,18064744.57,274536.0,historical,2025
2025-08,A321,3083.0,3154976.25,9109987.53,37957042.19,47067029.72,632632.0,historical,2025
2025-08,A321Neo,312.0,394276.26,783641.04,3922350.58,4705992.29,66269.0,historical,2025
2025-09,A319,1098.0,981803.48,2382396.4800000004,9361702.91,11744099.39,142301.0,historical,2025
2025-09,A320,14664.0,15453420.78,37700117.519999996,149199646.46,186899763.98,2454754.0,historical,2025
2025-09,A320Neo,1209.0,1351165.66,2642015.61,10975226.35,13617242.96,202387.0,historical,2025
2025-09,A321,2861.0,2780345.31,8453997.51,33692900.87,42146898.38,587077.0,historical,2025
2025-09,A321Neo,301.0,401672.11,756012.67,3968928.9,4724942.39,63932.0,historical,2025
2025-10,A319,1115.0,973651.74,2419282.4000000004,9329873.51,11749155.91,144504.0,historical,2025
2025-10,A320,14398.0,14889532.76,37016250.14,144112213.84,181128463.98,2410225.0,historical,2025
2025-10,A320Neo,932.0,1114286.84,2036690.28,8982202.8,11018893.88,156017.0,historical,2025
2025-10,A321,2753.0,2761065.18,8134867.2299999995,33340868.400000002,41475735.63,564916.0,historical,2025
2025-10,A321Neo,329.0,392236.26,826339.43,3933880.75,4760220.7,69880.0,historical,2025
2025-11,A319,1012.0,903289.17,2195797.12,8631838.24,10827635.36,131155.0,historical,2025
2025-11,A320,11702.0,11929696.61,30085022.86,115619777.09,145704799.95,1958915.0,historical,2025
2025-11,A320Neo,650.0,704050.87,1420438.5,5740321.56,7160760.7,108810.0,historical,2025
2025-11,A321,2285.0,2263929.7399999998,6751969.35,27411315.64,34163284.99,468882.0,historical,2025
2025-11,A321Neo,258.0,285062.12,648010.86,2894537.27,3542548.91,54799.0,historical,2025
2025-12,A319,950.0,843957.9600000001,2061272.0000000002,8063394.42,10124666.42,123120.0,historical,2025
2025-12,A320,12488.0,12785223.92,32105773.839999996,123885313.31,155991087.15,2090491.0,historical,2025
2025-12,A320Neo,552.0,718208.92,1206280.08,5728774.14,6935054.58,92405.0,historical,2025
2025-12,A321,2451.0,2520438.61,7242484.409999999,30367939.5,37610423.910000004,502945.0,historical,2025
2025-12,A321Neo,278.0,272697.65,698244.26,2819876.77,3518121.58,59047.0,historical,2025
2026-01,A319,918.0,849869.88,1991839.6800000002,8064828.84,10056668.52,118973.0,historical,2026
2026-01,A320,10459.0,10921510.72,26889356.869999997,105502768.27,132392125.14,1750837.0,historical,2026
2026-01,A320Neo,475.0,617630.13,1038012.75,4925489.12,5963502.36,79515.0,historical,2026
2026-01,A321,2449.0,2227957.55,7236574.59,27294287.56,34530862.15,502535.0,historical,2026
2026-01,A321Neo,284.0,273887.39,713314.28,2840170.82,3553485.43,60322.0,historical,2026
2026-02,A319,422.14,373999.76,915950.94,3573292.25,4489243.2,54710.0,forecast,2026
2026-02,A320,10984.14,11357837.47,28239458.93,109916187.47,138155646.4,1838745.0,forecast,2026
2026-02,A320Neo,1079.84,1209914.29,2359769.58,9835154.73,12194925.13,180766.0,forecast,2026
2026-02,A321,2322.02,2316491.52,6861356.99,27998703.9,34860060.89,476478.0,forecast,2026
2026-02,A321Neo,234.46,262250.7,588881.82,2652756.45,3241638.75,49799.0,forecast,2026
2026-02,B38M,161.98,181487.14,353965.44,1475273.21,1829238.77,29156.0,forecast,2026
2026-03,A319,525.27,465360.33,1139699.21,4446175.2,5585874.41,68074.0,forecast,2026
2026-03,A320,13667.34,14132327.19,35137786.97,136766486.54,171904273.5,2287914.0,forecast,2026
2026-03,A320Neo,1343.63,1505471.86,2936213.51,12237683.9,15173898.42,224923.0,forecast,2026
2026-03,A321,2889.24,2882363.5,8537447.57,34838220.36,43375667.93,592872.0,forecast,2026
2026-03,A321Neo,291.73,326313.24,732733.72,3300771.14,4033505.46,61964.0,forecast,2026
2026-03,B38M,201.54,225820.78,440432.03,1835652.58,2276084.76,36278.0,forecast,2026
2026-04,A319,556.85,493347.08,1208240.66,4713567.92,5921808.57,72168.0,forecast,2026
2026-04,A320,14489.3,14982244.52,37250971.4,144991614.97,182242586.37,2425509.0,forecast,2026
2026-04,A320Neo,1424.43,1596010.85,3112797.22,12973657.48,16086455.77,238450.0,forecast,2026
2026-04,A321,3063.0,3055708.67,9050889.17,36933388.87,45984278.04,628528.0,forecast,2026
2026-04,A321Neo,309.28,345937.7,776800.28,3499279.32,4276080.24,65690.0,forecast,2026
2026-04,B38M,213.66,239401.63,466919.58,1946048.62,2412968.37,38460.0,forecast,2026
2026-05,A319,602.48,533766.39,1307230.32,5099744.7,6406975.02,78081.0,forecast,2026
2026-05,A320,15676.39,16209721.27,40302897.39,156870598.53,197173495.92,2624227.0,forecast,2026
2026-05,A320Neo,1541.13,1726770.04,3367824.85,14036573.19,17404399.19,257986.0,forecast,2026
2026-05,A321,3313.95,3306059.1,9792417.32,39959295.71,49751713.03,680022.0,forecast,2026
2026-05,A321Neo,334.62,374279.94,840442.57,3785970.94,4626414.2,71072.0,forecast,2026
2026-05,B38M,231.17,259015.51,505173.73,2105485.98,2610659.88,41611.0,forecast,2026
2026-06,A319,616.48,546172.05,1337612.63,5218271.66,6555884.3,79896.0,forecast,2026
2026-06,A320,16040.74,16586463.47,41239607.03,160516544.89,201756151.91,2685219.0,forecast,2026
2026-06,A320Neo,1576.95,1766903.19,3446098.97,14362807.63,17808907.78,263982.0,forecast,2026
2026-06,A321,3390.97,3382897.68,10020010.18,40888019.45,50908029.62,695827.0,forecast,2026
2026-06,A321Neo,342.39,382978.86,859975.92,3873963.51,4733940.13,72724.0,forecast,2026
2026-06,B38M,236.54,265035.48,516914.85,2154421.14,2671336.17,42578.0,forecast,2026
2026-07,A319,657.88,582850.83,1427441.46,5568710.39,6996151.85,85261.0,forecast,2026
2026-07,A320,17117.97,17700345.5,44009097.78,171296208.4,215305306.18,2865548.0,forecast,2026
2026-07,A320Neo,1682.85,1885561.5,3677525.5,15327357.63,19004884.4,281710.0,forecast,2026
2026-07,A321,3618.69,3610079.86,10692914.88,43633898.96,54326813.84,742556.0,forecast,2026
2026-07,A321Neo,365.39,408698.23,917728.54,4134123.75,5051853.04,77608.0,forecast,2026
2026-07,B38M,252.43,282834.22,551628.83,2299103.64,2850732.66,45437.0,forecast,2026
2026-08,A319,665.14,589282.4,1443192.82,5630159.29,7073352.1,86202.0,forecast,2026
2026-08,A320,17306.86,17895663.04,44494723.82,173186406.19,217681130.01,2897168.0,forecast,2026
2026-08,A320Neo,1701.42,1906368.05,3718105.8,15496490.02,19214597.1,284818.0,forecast,2026
2026-08,A321,3658.63,3649915.91,10810907.71,44115384.8,54926292.51,750750.0,forecast,2026
2026-08,A321Neo,369.42,413208.08,927855.37,4179742.46,5107598.59,78464.0,forecast,2026
2026-08,B38M,255.21,285955.21,557715.87,2324473.5,2882189.56,45938.0,forecast,2026
2026-09,A319,611.53,541785.67,1326870.08,5176363.0,6503233.08,79254.0,forecast,2026
2026-09,A320,15911.91,16453255.27,40908406.0,159227414.18,200135820.19,2663654.0,forecast,2026
2026-09,A320Neo,1564.29,1752712.94,3418422.87,14247457.93,17665881.97,261862.0,forecast,2026
2026-09,A321,3363.74,3355729.16,9939538.08,40559642.08,50499180.16,690239.0,forecast,2026
2026-09,A321Neo,339.64,379903.11,853069.33,3842851.17,4695921.2,72140.0,forecast,2026
2026-09,B38M,234.64,262906.94,512763.43,2137118.69,2649882.3,42236.0,forecast,2026
2026-10,A319,593.12,525478.01,1286931.51,5020555.32,6307486.83,76869.0,forecast,2026
2026-10,A320,15432.96,15958014.98,39677069.69,154434695.11,194111764.8,2583478.0,forecast,2026
2026-10,A320Neo,1517.2,1699956.57,3315528.9,13818611.78,17134141.82,253980.0,forecast,2026
2026-10,A321,3262.49,3254722.26,9640359.61,39338803.5,48979163.11,669463.0,forecast,2026
2026-10,A321Neo,329.42,368468.08,827392.09,3727181.98,4554574.74,69969.0,forecast,2026
2026-10,B38M,227.58,254993.49,497329.34,2072791.77,2570121.27,40964.0,forecast,2026
2026-11,A319,483.17,428062.62,1048354.56,4089822.99,5138177.55,62618.0,forecast,2026
2026-11,A320,12571.93,12999648.91,32321562.33,125804921.14,158126483.47,2104542.0,forecast,2026
2026-11,A320Neo,1235.94,1384811.24,2700881.77,11256857.56,13957740.25,206896.0,forecast,2026
2026-11,A321,2657.67,2651347.72,7853187.91,32046005.39,39899193.3,545355.0,forecast,2026
2026-11,A321Neo,268.35,300159.87,674006.55,3036220.81,3710227.91,56998.0,forecast,2026
2026-11,B38M,185.39,207721.69,405132.26,1688528.63,2093661.04,33370.0,forecast,2026
2026-12,A319,507.83,449913.8,1101869.61,4298594.99,5400464.6,65815.0,forecast,2026
2026-12,A320,13213.69,13663238.21,33971471.71,132226848.34,166198320.06,2211972.0,forecast,2026
2026-12,A320Neo,1299.03,1455501.3,2838752.89,11831483.09,14670236.95,217457.0,forecast,2026
2026-12,A321,2793.34,2786690.3,8254067.31,33681848.5,41935915.81,573193.0,forecast,2026
2026-12,A321Neo,282.05,315482.05,708412.37,3191209.89,3899622.84,59907.0,forecast,2026
2026-12,B38M,194.85,218325.2,425812.93,1774722.46,2200535.54,35074.0,forecast,2026
2027-01,A320,10977.18,11350639.14,28221561.43,109846525.19,138068086.62,1837580.0,forecast,2027
2027-01,A320Neo,1256.74,1408121.11,2746344.43,11446338.9,14192684.27,210379.0,forecast,2027
2027-01,A321,2702.41,2695976.6,7985376.9,32585420.59,40570797.48,554534.0,forecast,2027
2027-01,A321Neo,272.87,305212.32,685351.78,3087328.07,3772680.42,57957.0,forecast,2027
2027-01,B38M,1193.9,1337715.06,2609027.2,10874021.95,13483050.05,214903.0,forecast,2027
2027-02,A320,10460.12,10815987.85,26892235.91,104672403.64,131564639.55,1751024.0,forecast,2027
2027-02,A320Neo,1197.54,1341794.12,2616982.85,10907179.84,13524163.59,200469.0,forecast,2027
2027-02,A321,2575.12,2568987.51,7609240.19,31050543.39,38659783.57,528414.0,forecast,2027
2027-02,A321Neo,260.01,290835.85,653069.53,2941905.08,3594975.14,55227.0,forecast,2027
2027-02,B38M,1137.67,1274704.41,2486133.71,10361820.85,12847955.41,204780.0,forecast,2027
2027-03,A320,13015.32,13458114.68,33461464.64,130241752.5,163703217.14,2178764.0,forecast,2027
2027-03,A320Neo,1490.08,1669567.26,3256258.77,13571583.03,16827842.92,249440.0,forecast,2027
2027-03,A321,3204.17,3196539.14,9468023.49,38635562.44,48103585.94,657495.0,forecast,2027
2027-03,A321Neo,323.53,361881.16,812601.19,3660552.92,4473154.78,68718.0,forecast,2027
2027-03,B38M,1415.58,1586088.89,3093445.83,12893003.88,15986450.78,254804.0,forecast,2027
2027-04,A320,13798.06,14267484.91,35473835.15,138074483.81,173548318.96,2309795.0,forecast,2027
2027-04,A320Neo,1579.69,1769974.93,3452089.98,14387777.24,17839868.4,264441.0,forecast,2027
2027-04,A321,3396.86,3388778.81,10037429.87,40959102.89,50996532.76,697037.0,forecast,2027
2027-04,A321Neo,342.99,383644.67,861470.98,3880698.36,4742170.04,72851.0,forecast,2027
2027-04,B38M,1500.71,1681476.19,3279485.48,13668388.38,16947874.98,270128.0,forecast,2027
2027-05,A320,14928.51,15436402.29,38380162.56,149386755.38,187766917.94,2499033.0,forecast,2027
2027-05,A320Neo,1709.12,1914986.79,3734915.44,15566550.02,19301466.74,286106.0,forecast,2027
2027-05,A321,3675.17,3666417.27,10859784.08,44314831.49,55174615.57,754144.0,forecast,2027
2027-05,A321Neo,371.09,415076.2,932050.23,4198639.17,5130690.17,78819.0,forecast,2027
2027-05,B38M,1623.66,1819237.45,3548169.67,14788222.52,18336393.4,292259.0,forecast,2027
2027-06,A320,15275.48,15795171.2,39272184.49,152858764.16,192130948.65,2557115.0,forecast,2027
2027-06,A320Neo,1748.84,1959494.42,3821721.39,15928343.8,19750066.5,292756.0,forecast,2027
2027-06,A321,3760.58,3751631.2,11112184.4,45344785.48,56456969.88,771672.0,forecast,2027
2027-06,A321Neo,379.71,424723.3,953712.7,4296222.87,5249936.36,80651.0,forecast,2027
2027-06,B38M,1661.4,1861519.7,3630635.32,15131926.61,18762563.17,299052.0,forecast,2027
2027-07,A320,16301.32,16855913.14,41909550.84,163124161.07,205033711.91,2728841.0,forecast,2027
2027-07,A320Neo,1866.28,2091086.41,4078373.25,16998029.08,21076403.74,312416.0,forecast,2027
2027-07,A321,4013.13,4003576.08,11858435.26,48389963.97,60248399.22,823494.0,forecast,2027
2027-07,A321Neo,405.21,453246.05,1017760.32,4584740.4,5602501.55,86067.0,forecast,2027
2027-07,B38M,1772.97,1986532.08,3874454.59,16148127.63,20022583.55,319135.0,forecast,2027
2027-08,A320,16481.2,17041912.64,42372009.07,164924182.97,207296192.04,2758953.0,forecast,2027
2027-08,A320Neo,1886.88,2114160.86,4123376.77,17185596.79,21308974.98,315863.0,forecast,2027
2027-08,A321,4057.41,4047754.24,11989289.22,48923931.44,60913220.66,832581.0,forecast,2027
2027-08,A321Neo,409.68,458247.47,1028990.97,4635331.52,5664323.33,87017.0,forecast,2027
2027-08,B38M,1792.53,2008452.82,3917207.93,16326316.95,20243526.23,322656.0,forecast,2027
2027-09,A320,15152.8,15668317.99,38956784.11,151631134.16,190587918.27,2536578.0,forecast,2027
2027-09,A320Neo,1734.79,1943757.45,3791028.61,15800421.05,19591450.97,290405.0,forecast,2027
2027-09,A321,3730.38,3721501.33,11022940.9,44980615.2,56003556.1,765474.0,forecast,2027
2027-09,A321Neo,376.66,421312.28,946053.3,4261719.31,5207773.39,80003.0,forecast,2027
2027-09,B38M,1648.05,1846569.58,3601477.18,15010400.0,18611878.42,296650.0,forecast,2027
2027-10,A320,14696.7,15196704.18,37784191.3,147067061.87,184851253.17,2460228.0,forecast,2027
2027-10,A320Neo,1682.58,1885250.67,3676919.27,15324830.97,19001751.5,281663.0,forecast,2027
2027-10,A321,3618.1,3609484.75,10691152.19,43626706.05,54317858.24,742434.0,forecast,2027
2027-10,A321Neo,365.33,408630.85,917577.25,4133442.25,5051020.26,77595.0,forecast,2027
2027-10,B38M,1598.45,1790988.14,3493073.31,14558589.42,18051663.93,287721.0,forecast,2027
2027-11,A320,11972.16,12379473.21,30779593.94,119803131.73,150582725.67,2004140.0,forecast,2027
2027-11,A320Neo,1370.65,1535754.72,2995276.02,12483847.3,15479124.35,229447.0,forecast,2027
2027-11,A321,2947.36,2940342.8,8709180.0,35538997.96,44248177.96,604798.0,forecast,2027
2027-11,A321Neo,297.6,332877.09,747472.8,3367166.79,4114640.21,63210.0,forecast,2027
2027-11,B38M,1302.12,1458966.98,2845512.22,11859654.93,14705168.13,234382.0,forecast,2027
2027-12,A320,12583.3,13011404.58,32350790.92,125918687.33,158269478.25,2106445.0,forecast,2027
2027-12,A320Neo,1440.62,1614149.94,3148175.01,13121106.62,16269282.71,241160.0,forecast,2027
2027-12,A321,3097.81,3090437.63,9153754.98,37353146.85,46506901.83,635671.0,forecast,2027
2027-12,A321Neo,312.79,349869.37,785628.83,3539049.58,4324679.05,66437.0,forecast,2027
2027-12,B38M,1368.59,1533442.45,2990766.26,12465051.29,15455818.57,246346.0,forecast,2027
2028-01,A320,10035.07,10376479.5,25799468.22,100419033.95,126218502.17,1679871.0,forecast,2028
2028-01,A320Neo,1354.65,1517826.09,2960308.73,12338109.05,15298418.8,226769.0,forecast,2028
2028-01,A321,2912.95,2906016.81,8607507.77,35124110.54,43731618.31,597738.0,forecast,2028
2028-01,A321Neo,294.13,328991.04,738746.7,3327858.0,4066605.3,62472.0,forecast,2028
2028-01,B38M,2370.64,2656195.67,5180540.29,21591690.84,26772232.91,426716.0,forecast,2028
2028-02,A320,9562.39,9887714.24,24584231.01,95688977.3,120273208.31,1600744.0,forecast,2028
2028-02,A320Neo,1290.84,1446331.65,2820868.76,11756944.78,14577814.5,216087.0,forecast,2028
2028-02,A321,2775.74,2769134.16,8202066.71,33469652.95,41671719.66,569582.0,forecast,2028
2028-02,A321Neo,280.27,313494.51,703949.37,3171105.28,3875055.22,59530.0,forecast,2028
2028-02,B38M,2258.98,2531080.38,4936520.32,20574653.36,25511175.38,406616.0,forecast,2028
2028-03,A320,11898.29,12303082.62,30589660.88,119063856.99,149653517.86,1991773.0,forecast,2028
2028-03,A320Neo,1606.17,1799641.18,3509949.88,14628928.34,18138879.42,268873.0,forecast,2028
2028-03,A321,3453.8,3445577.56,10205665.53,41645611.49,51851277.02,708720.0,forecast,2028
2028-03,A321Neo,348.74,390074.87,875909.95,3945742.09,4821652.76,74072.0,forecast,2028
2028-03,B38M,2810.8,3149372.07,6142412.28,25600624.6,31743038.99,505944.0,forecast,2028
2028-04,A320,12613.85,13042989.29,32429321.28,126224350.32,158653671.6,2111558.0,forecast,2028
2028-04,A320Neo,1702.77,1907871.5,3721038.06,15508711.23,19229750.56,285043.0,forecast,2028
2028-04,A321,3661.51,3652794.39,10819433.66,44150176.11,54969609.77,751342.0,forecast,2028
2028-04,A321Neo,369.71,413533.95,928587.12,4183038.79,5111626.67,78526.0,forecast,2028
2028-04,B38M,2979.84,3338775.12,6511816.6,27140244.65,33652063.48,536371.0,forecast,2028
2028-05,A320,13647.29,14111585.26,35086215.43,136565755.12,171651970.56,2284556.0,forecast,2028
2028-05,A320Neo,1842.27,2064181.05,4025898.1,16779320.74,20805220.22,308396.0,forecast,2028
2028-05,A321,3961.49,3952063.32,11705856.47,47767345.39,59473201.86,812898.0,forecast,2028
2028-05,A321Neo,400.0,447414.28,1004665.12,4525749.98,5530415.91,84960.0,forecast,2028
2028-05,B38M,3223.98,3612316.83,7045321.67,29363811.3,36409135.39,580316.0,forecast,2028
2028-06,A320,13964.47,14439563.11,35901680.28,139739781.5,175641461.78,2337653.0,forecast,2028
2028-06,A320Neo,1885.09,2112156.22,4119466.99,17169301.43,21288769.83,315564.0,forecast,2028
2028-06,A321,4053.57,4043916.16,11977920.99,48877541.83,60855462.82,831792.0,forecast,2028
2028-06,A321Neo,409.3,457812.96,1028015.28,4630936.3,5658952.43,86934.0,forecast,2028
2028-06,B38M,3298.91,3696273.38,7209067.24,30046277.5,37255347.21,593803.0,forecast,2028
2028-07,A320,14902.27,15409267.71,38312696.75,149124158.82,187436855.57,2494640.0,forecast,2028
2028-07,A320Neo,2011.68,2254000.37,4396114.29,18322324.58,22718440.38,336756.0,forecast,2028
2028-07,A321,4325.79,4315489.76,12782311.33,52159966.42,64942277.75,887651.0,forecast,2028
2028-07,A321Neo,436.78,488557.89,1097052.77,4941931.87,6038985.54,92773.0,forecast,2028
2028-07,B38M,3520.45,3944500.65,7693200.0,32064068.01,39757270.66,633681.0,forecast,2028
2028-08,A320,15066.71,15579303.96,38735464.86,150769695.27,189505160.13,2522168.0,forecast,2028
2028-08,A320Neo,2033.88,2278872.53,4444623.98,18524505.45,22969130.95,340472.0,forecast,2028
2028-08,A321,4373.52,4363109.78,12923359.97,52735534.63,65658894.6,897446.0,forecast,2028
2028-08,A321Neo,441.6,493948.97,1109158.39,4996464.48,6105623.78,93796.0,forecast,2028
2028-08,B38M,3559.3,3988026.92,7778091.96,32417884.54,40195979.17,640673.0,forecast,2028
2028-09,A320,13852.32,14323596.97,35613348.9,138617511.87,174230860.76,2318879.0,forecast,2028
2028-09,A320Neo,1869.95,2095193.2,4086382.98,17031412.38,21117796.76,313030.0,forecast,2028
2028-09,A321,4021.01,4011438.91,11881724.64,48484999.49,60366724.13,825111.0,forecast,2028
2028-09,A321Neo,406.01,454136.2,1019759.15,4593744.61,5613504.59,86236.0,forecast,2028
2028-09,B38M,3272.41,3666588.09,7151170.21,29804971.66,36956144.33,589034.0,forecast,2028
2028-10,A320,13435.37,13892459.05,34541392.93,134445147.48,168986540.41,2249081.0,forecast,2028
2028-10,A320Neo,1813.66,2032128.22,3963383.52,16518769.66,20482154.54,303607.0,forecast,2028
2028-10,A321,3899.98,3890695.26,11524086.68,47025608.95,58549695.63,800276.0,forecast,2028
2028-10,A321Neo,393.79,440466.78,989064.57,4455473.65,5444539.02,83640.0,forecast,2028
2028-10,B38M,3173.91,3556224.39,6935921.16,28907846.9,35843770.45,571304.0,forecast,2028
2028-11,A320,10944.66,11317014.71,28137959.61,109521122.6,137659082.21,1832136.0,forecast,2028
2028-11,A320Neo,1477.44,1655403.48,3228634.29,13456448.45,16685083.85,247323.0,forecast,2028
2028-11,A321,3176.98,3169421.29,9387701.48,38307797.49,47695498.97,651917.0,forecast,2028
2028-11,A321Neo,320.79,358811.14,805707.49,3629498.61,4435206.75,68135.0,forecast,2028
2028-11,B38M,2585.52,2896956.08,5650110.0,23548784.79,29198896.73,465394.0,forecast,2028
2028-12,A320,11503.35,11894711.06,29574309.85,115111815.47,144686125.32,1925661.0,forecast,2028
2028-12,A320Neo,1552.86,1739906.37,3393445.44,14143355.86,17536802.47,259948.0,forecast,2028
2028-12,A321,3339.16,3331209.81,9866912.74,40263284.48,50130197.22,685195.0,forecast,2028
2028-12,A321Neo,337.16,377127.26,846836.2,3814772.57,4661609.46,71613.0,forecast,2028
2028-12,B38M,2717.5,3044836.16,5938529.52,24750872.76,30689404.32,489150.0,forecast,2028
2029-01,A320,9631.6,9959284.02,24762177.92,96381598.41,121143776.33,1612330.0,forecast,2029
2029-01,A320Neo,1361.13,1525088.09,2974472.24,12397140.37,15371613.63,227854.0,forecast,2029
2029-01,A321,2926.89,2919920.56,8648690.13,35292160.8,43940850.93,600597.0,forecast,2029
2029-01,A321Neo,295.53,330565.08,742281.21,3343780.04,4086061.85,62771.0,forecast,2029
2029-01,B38M,3402.83,3812720.22,7436180.61,30992850.92,38429034.08,612510.0,forecast,2029
2029-02,A320,9177.92,9490169.99,23595800.39,91841717.84,115437518.23,1536384.0,forecast,2029
2029-02,A320Neo,1297.02,1453251.58,2834365.12,11813195.53,14647561.62,217121.0,forecast,2029
2029-02,A321,2789.02,2782383.0,8241309.25,33629787.51,41871096.76,572307.0,forecast,2029
2029-02,A321Neo,281.61,314994.42,707317.4,3186277.34,3893595.31,59814.0,forecast,2029
2029-02,B38M,3242.55,3633128.94,7085912.8,29532988.83,36618904.06,583659.0,forecast,2029
2029-03,A320,11419.91,11808426.37,29359776.67,114276789.94,143636566.61,1911692.0,forecast,2029
2029-03,A320Neo,1613.86,1808251.51,3526743.13,14698920.01,18225664.35,270159.0,forecast,2029
2029-03,A321,3470.32,3462062.83,10254494.24,41844863.68,52099357.92,712110.0,forecast,2029
2029-03,A321Neo,350.4,391941.17,880100.71,3964620.37,4844721.81,74426.0,forecast,2029
2029-03,B38M,4034.64,4520628.78,8816857.82,36747300.03,45564160.88,726235.0,forecast,2029
2029-04,A320,12106.7,12518584.44,31125471.91,121149389.35,152274861.25,2026661.0,forecast,2029
2029-04,A320Neo,1710.91,1916999.65,3738841.25,15582912.2,19321754.73,286407.0,forecast,2029
2029-04,A321,3679.03,3670271.08,10871198.92,44361411.31,55232610.23,754937.0,forecast,2029
2029-04,A321Neo,371.48,415512.49,933029.92,4203052.41,5136083.09,78902.0,forecast,2029
2029-04,B38M,4277.28,4792499.13,9347103.13,38957280.49,48304386.83,769911.0,forecast,2029
2029-05,A320,13098.58,13544216.57,33675543.3,131075008.88,164750552.17,2192703.0,forecast,2029
2029-05,A320Neo,1851.09,2074057.06,4045159.89,16859600.91,20904762.18,309872.0,forecast,2029
2029-05,A321,3980.45,3970971.85,11761862.79,47995886.84,59757749.63,816788.0,forecast,2029
2029-05,A321Neo,401.91,449554.92,1009471.91,4547403.29,5556876.02,85366.0,forecast,2029
2029-05,B38M,4627.72,5185142.65,10112899.72,42149002.26,52261905.45,832989.0,forecast,2029
2029-06,A320,13403.02,13859007.78,34458221.67,134121420.73,168579642.39,2243665.0,forecast,2029
2029-06,A320Neo,1894.11,2122261.77,4139176.46,17251447.44,21390625.32,317074.0,forecast,2029
2029-06,A321,4072.96,4063264.16,12035229.0,49111394.97,61146623.97,835771.0,forecast,2029
2029-06,A321Neo,411.25,460003.36,1032933.79,4653092.88,5686027.52,87350.0,forecast,2029
2029-06,B38M,4735.27,5305654.41,10347941.15,43128618.6,53476563.3,852349.0,forecast,2029
2029-07,A320,14303.11,14789724.56,36772301.1,143128490.91,179900792.01,2394341.0,forecast,2029
2029-07,A320Neo,2021.31,2264784.57,4417147.37,18409987.2,22827136.08,338367.0,forecast,2029
2029-07,A321,4346.48,4336137.09,12843467.92,52409524.22,65252992.14,891898.0,forecast,2029
2029-07,A321Neo,438.87,490895.38,1102301.59,4965576.4,6067878.89,93216.0,forecast,2029
2029-07,B38M,5053.27,5661961.42,11042868.42,46024967.99,57067840.19,909589.0,forecast,2029
2029-08,A320,14460.94,14952924.34,37178071.44,144707867.12,181885938.57,2420762.0,forecast,2029
2029-08,A320Neo,2043.61,2289775.73,4465889.15,18613135.4,23079026.08,342101.0,forecast,2029
2029-08,A321,4394.45,4383984.95,12985191.4,52987846.23,65973037.63,901740.0,forecast,2029
2029-08,A321Neo,443.71,496312.25,1114465.13,5020369.92,6134835.96,94245.0,forecast,2029
2029-08,B38M,5109.03,5724439.32,11164722.87,46532838.5,57697565.2,919626.0,forecast,2029
2029-09,A320,13295.38,13747704.16,34181482.89,133044272.94,167225755.83,2225646.0,forecast,2029
2029-09,A320Neo,1878.9,2105217.59,4105934.16,17112898.67,21218834.23,314527.0,forecast,2029
2029-09,A321,4040.25,4030631.52,11938572.4,48716974.52,60655546.92,829059.0,forecast,2029
2029-09,A321Neo,407.95,456309.01,1024638.16,4615723.24,5640362.24,86649.0,forecast,2029
2029-09,B38M,4697.24,5263043.96,10264835.39,42782246.66,53047085.58,845504.0,forecast,2029
2029-10,A320,12895.19,13333900.52,33152625.86,129039662.13,162192287.99,2158654.0,forecast,2029
2029-10,A320Neo,1822.34,2041850.88,3982346.21,16597803.22,20580150.8,305060.0,forecast,2029
2029-10,A321,3918.64,3909310.17,11579223.33,47250601.58,58829824.9,804105.0,forecast,2029
2029-10,A321Neo,395.67,442574.18,993796.72,4476790.73,5470588.26,84041.0,forecast,2029
2029-10,B38M,4555.86,5104627.2,9955865.53,41494508.05,51450377.0,820054.0,forecast,2029
2029-11,A320,10504.62,10862004.18,27006648.21,105117729.58,132124377.79,1758474.0,forecast,2029
2029-11,A320Neo,1484.51,1663323.7,3244081.59,13520830.43,16764913.13,248507.0,forecast,2029
2029-11,A321,3192.18,3184585.29,9432616.66,38491080.01,47923696.66,655036.0,forecast,2029
2029-11,A321Neo,322.32,360527.86,809562.37,3646863.83,4456426.87,68461.0,forecast,2029
2029-11,B38M,3711.27,4158309.26,8110203.97,33802076.08,41912282.84,668029.0,forecast,2029
2029-12,A320,11040.85,11416473.75,28385248.72,110483643.73,138868892.45,1848238.0,forecast,2029
2029-12,A320Neo,1560.29,1748230.91,3409681.28,14211024.33,17620706.78,261192.0,forecast,2029
2029-12,A321,3355.13,3347147.89,9914120.69,40455922.97,50370043.66,688474.0,forecast,2029
2029-12,A321Neo,338.77,378931.62,850887.86,3833024.23,4683912.79,71956.0,forecast,2029
2029-12,B38M,3900.72,4370577.26,8524203.2,35527560.82,44051766.94,702130.0,forecast,2029
2030-01,A320,9321.09,9638204.35,23963864.31,93274329.68,117238194.0,1560350.0,forecast,2030
2030-01,A320Neo,1338.16,1499347.73,2924269.25,12187902.05,15112172.31,224008.0,forecast,2030
2030-01,A321,2877.49,2870638.29,8502717.97,34696501.47,43199219.44,590461.0,forecast,2030
2030-01,A321Neo,290.54,324985.82,729753.02,3287343.88,4017097.5,61712.0,forecast,2030
2030-01,B38M,4482.84,5022814.89,9796301.99,40829471.87,50625777.22,806911.0,forecast,2030
2030-02,A320,8882.03,9184214.2,22835089.9,88880811.38,111715901.28,1486853.0,forecast,2030
2030-02,A320Neo,1275.13,1428723.67,2786526.85,11613813.01,14400340.81,213457.0,forecast,2030
2030-02,A321,2741.95,2735422.07,8102212.85,33062185.63,41164398.48,562648.0,forecast,2030
2030-02,A321Neo,276.86,309677.96,695379.33,3132499.51,3827879.4,58805.0,forecast,2030
2030-02,B38M,4271.68,4786224.29,9334864.93,38906273.58,48241141.71,768903.0,forecast,2030
2030-03,A320,11051.74,11427731.77,28413240.01,110592593.98,139005833.99,1850061.0,forecast,2030
2030-03,A320Neo,1586.62,1777731.93,3467218.93,14450832.37,17918052.5,265600.0,forecast,2030
2030-03,A321,3411.75,3403630.3,10081419.4,41138608.16,51220027.55,700091.0,forecast,2030
2030-03,A321Neo,344.49,385326.01,865246.42,3897705.71,4762952.84,73170.0,forecast,2030
2030-03,B38M,5315.17,5955401.98,11615183.43,48410288.45,60025475.87,956730.0,forecast,2030
2030-04,A320,11716.39,12114994.89,30122010.59,117243626.06,147365636.65,1961323.0,forecast,2030
2030-04,A320Neo,1682.04,1884644.63,3675737.28,15319904.58,18995643.12,281573.0,forecast,2030
2030-04,A321,3616.93,3608324.43,10687715.36,43612681.62,54300396.99,742195.0,forecast,2030
2030-04,A321Neo,365.21,408499.49,917282.29,4132113.5,5049396.54,77570.0,forecast,2030
2030-04,B38M,5634.82,6313559.5,12313719.87,51321680.35,63635404.44,1014268.0,forecast,2030
2030-05,A320,12676.3,13107561.42,32589869.64,126849251.24,159439120.87,2122012.0,forecast,2030
2030-05,A320Neo,1819.84,2039051.23,3976885.88,16575045.4,20551932.65,304642.0,forecast,2030
2030-05,A321,3913.27,3903949.98,11563346.66,47185814.65,58749161.31,803002.0,forecast,2030
2030-05,A321Neo,395.13,441967.35,992434.09,4470652.45,5463087.35,83925.0,forecast,2030
2030-05,B38M,6096.48,6830821.62,13322567.7,55526402.1,68848974.37,1097366.0,forecast,2030
2030-06,A320,12970.92,13412204.02,33347315.06,129797449.11,163144764.17,2171331.0,forecast,2030
2030-06,A320Neo,1862.14,2086442.34,4069315.65,16960278.37,21029595.41,311722.0,forecast,2030
2030-06,A321,4004.22,3994684.59,11832099.0,48282495.3,60114594.3,821665.0,forecast,2030
2030-06,A321Neo,404.31,452239.44,1015499.99,4574558.21,5590059.03,85876.0,forecast,2030
2030-06,B38M,6238.17,6989581.83,13632207.41,56816932.54,70449144.64,1122870.0,forecast,2030
2030-07,A320,13841.99,14312915.19,35586790.34,138514138.27,174100928.61,2317149.0,forecast,2030
2030-07,A320Neo,1987.19,2226559.65,4342594.97,18099264.35,22441860.81,332656.0,forecast,2030
2030-07,A321,4273.12,4262951.99,12626696.51,51524958.89,64151655.4,876845.0,forecast,2030
2030-07,A321Neo,431.46,482610.08,1083697.0,4881767.65,5965465.53,91643.0,forecast,2030
2030-07,B38M,6657.1,7458974.81,14547693.16,60632535.57,75180233.72,1198278.0,forecast,2030
2030-08,A320,13994.73,14470853.54,35979478.97,140042596.6,176022075.57,2342718.0,forecast,2030
2030-08,A320Neo,2009.12,2251129.01,4390514.09,18298983.83,22689499.43,336327.0,forecast,2030
2030-08,A321,4320.28,4309992.27,12766027.98,52093520.0,64859547.99,886521.0,forecast,2030
2030-08,A321Neo,436.23,487935.52,1095655.24,4935636.36,6031292.5,92654.0,forecast,2030
2030-08,B38M,6730.56,7541282.17,14708222.21,61301595.82,76009823.08,1211501.0,forecast,2030
2030-09,A320,12866.74,13304488.74,33079498.13,128755027.73,161834525.87,2153893.0,forecast,2030
2030-09,A320Neo,1847.18,2069685.83,4036634.41,16824068.02,20860703.81,309219.0,forecast,2030
2030-09,A321,3972.06,3962602.72,11737073.77,47894731.86,59631805.63,815066.0,forecast,2030
2030-09,A321Neo,401.07,448607.44,1007344.37,4537819.29,5545164.49,85186.0,forecast,2030
2030-09,B38M,6188.07,6933447.52,13522725.26,56360627.85,69883357.75,1113852.0,forecast,2030
2030-10,A320,12479.46,12904025.81,32083810.66,124879522.5,156963333.16,2089061.0,forecast,2030
2030-10,A320Neo,1791.58,2007388.62,3915132.37,16317666.33,20232800.04,299911.0,forecast,2030
2030-10,A321,3852.5,3843329.03,11383789.77,46453108.28,57836898.05,790533.0,forecast,2030
2030-10,A321Neo,388.99,435104.43,977023.47,4401231.68,5378255.94,82622.0,forecast,2030
2030-10,B38M,6001.81,6724751.89,13115693.45,54664182.19,67779880.14,1080326.0,forecast,2030
2030-11,A320,10165.96,10511821.51,26135974.61,101728814.69,127864789.3,1701782.0,forecast,2030
2030-11,A320Neo,1459.45,1635250.21,3189328.14,13292626.53,16481955.77,244312.0,forecast,2030
2030-11,A321,3138.31,3130836.02,9273413.42,37841429.48,47114842.9,643981.0,forecast,2030
2030-11,A321Neo,316.88,354442.89,795898.62,3585312.25,4381211.52,67305.0,forecast,2030
2030-11,B38M,4889.17,5478088.2,10684249.28,44530298.87,55214551.82,880050.0,forecast,2030
2030-12,A320,10684.9,11048415.4,27470130.1,106921735.89,134391865.99,1788652.0,forecast,2030
2030-12,A320Neo,1533.95,1718724.35,3352132.85,13971171.37,17323305.37,256784.0,forecast,2030
2030-12,A321,3298.51,3290654.89,9746790.66,39773109.92,49519900.58,676854.0,forecast,2030
2030-12,A321Neo,333.06,372536.03,836526.62,3768330.64,4604857.95,70741.0,forecast,2030
2030-12,B38M,5138.74,5757726.58,11229645.04,46803424.08,58033072.98,924974.0,forecast,2030
2031-01,A320,8283.71,8565532.05,21296834.99,82893475.86,104190310.85,1386693.0,forecast,2031
2031-01,A320Neo,1413.62,1583890.89,3089158.92,12875136.71,15964296.7,236639.0,forecast,2031
2031-01,A321,3039.74,3032503.9,8982157.54,36652920.09,45635077.63,623755.0,forecast,2031
2031-01,A321Neo,306.93,343310.68,770901.33,3472706.11,4243608.07,65191.0,forecast,2031
2031-01,B38M,5937.18,6652341.72,12974467.48,54075574.19,67050046.12,1068693.0,forecast,2031
2031-02,A320,7893.52,8162068.18,20293686.16,78988928.86,99282615.03,1321375.0,forecast,2031
2031-02,A320Neo,1347.03,1509284.58,2943649.69,12268676.73,15212327.42,225493.0,forecast,2031
2031-02,A321,2896.56,2889663.29,8559069.28,34926450.69,43485519.98,594374.0,forecast,2031
2031-02,A321Neo,292.47,327139.65,734589.42,3309130.58,4043720.6,62121.0,forecast,2031
2031-02,B38M,5657.52,6338995.22,12363328.69,51528442.25,63891775.18,1018354.0,forecast,2031
2031-03,A320,9821.75,10155896.17,25251022.8,98284324.86,123535347.65,1644160.0,forecast,2031
2031-03,A320Neo,1676.08,1877972.24,3662723.71,15265666.04,18928391.0,280576.0,forecast,2031
2031-03,A321,3604.13,3595549.53,10649876.61,43458275.42,54108152.03,739567.0,forecast,2031
2031-03,A321Neo,363.92,407053.24,914034.74,4117484.18,5031519.67,77296.0,forecast,2031
2031-03,B38M,7039.54,7887483.4,15383439.57,64115797.36,79499242.21,1267117.0,forecast,2031
2031-04,A320,10412.43,10766671.17,26769617.82,104195138.36,130964756.17,1743040.0,forecast,2031
2031-04,A320Neo,1776.88,1990913.38,3882999.69,16183742.29,20066743.32,297450.0,forecast,2031
2031-04,A321,3820.88,3811785.66,11290359.56,46071853.54,57362213.1,784045.0,forecast,2031
2031-04,A321Neo,385.8,431533.4,969004.74,4365109.43,5334114.97,81944.0,forecast,2031
2031-04,B38M,7462.9,8361836.19,16308598.72,67971717.63,84280321.95,1343322.0,forecast,2031
2031-05,A320,11265.5,11648771.21,28962819.47,112731717.08,141694536.56,1885845.0,forecast,2031
2031-05,A320Neo,1922.46,2154026.45,4201129.05,17509656.27,21710786.77,321820.0,forecast,2031
2031-05,A321,4133.92,4124080.55,12215364.75,49846463.48,62061828.23,848281.0,forecast,2031
2031-05,A321Neo,417.41,466888.4,1048394.1,4722737.45,5771132.4,88658.0,forecast,2031
2031-05,B38M,8074.33,9046911.07,17644742.02,73540556.33,91185304.41,1453379.0,forecast,2031
2031-06,A320,11527.33,11919508.97,29635965.92,115351798.84,144987764.76,1929676.0,forecast,2031
2031-06,A320Neo,1967.14,2204089.78,4298770.62,17916611.23,22215383.32,329299.0,forecast,2031
2031-06,A321,4230.0,4219931.37,12499271.13,51004982.25,63504253.38,867996.0,forecast,2031
2031-06,A321Neo,427.11,477739.7,1072760.61,4832502.1,5905263.59,90718.0,forecast,2031
2031-06,B38M,8261.99,9257177.07,18054836.61,75249767.15,93304609.95,1487158.0,forecast,2031
2031-07,A320,12301.46,12719976.59,31626201.51,123098374.6,154724576.12,2059265.0,forecast,2031
2031-07,A320Neo,2099.25,2352107.83,4587459.25,19119820.78,23707281.6,351414.0,forecast,2031
2031-07,A321,4514.07,4503325.46,13338673.31,54430277.42,67768950.72,926287.0,forecast,2031
2031-07,A321Neo,455.79,509822.83,1144803.01,5157034.05,6301838.0,96811.0,forecast,2031
2031-07,B38M,8816.83,9878852.88,19267328.84,80303247.27,99570582.72,1587029.0,forecast,2031
2031-08,A320,12437.21,12860337.38,31975186.33,124456725.02,156431911.34,2081988.0,forecast,2031
2031-08,A320Neo,2122.41,2378062.57,4638080.36,19330801.76,23968883.72,355291.0,forecast,2031
2031-08,A321,4563.88,4553018.19,13485861.22,55030897.77,68516758.99,936509.0,forecast,2031
2031-08,A321Neo,460.82,515448.56,1157435.54,5213940.24,6371376.73,97879.0,forecast,2031
2031-08,B38M,8914.12,9987862.8,19479937.53,81189367.41,100669311.62,1604542.0,forecast,2031
2031-09,A320,11434.76,11823781.74,29397955.35,114425392.49,143823347.84,1914178.0,forecast,2031
2031-09,A320Neo,1951.34,2186388.43,4264246.6,17772720.43,22036968.49,326655.0,forecast,2031
2031-09,A321,4196.03,4186040.52,12398887.75,50595354.14,62994241.88,861025.0,forecast,2031
2031-09,A321Neo,423.68,473902.9,1064145.12,4793691.61,5857837.6,89990.0,forecast,2031
2031-09,B38M,8195.63,9182831.39,17909835.7,74645425.8,92555267.65,1475214.0,forecast,2031
2031-10,A320,11090.57,11467887.85,28513081.72,110981206.93,139494288.65,1856562.0,forecast,2031
2031-10,A320Neo,1892.61,2120578.49,4135893.47,17237764.46,21373659.35,316822.0,forecast,2031
2031-10,A321,4069.73,4060041.38,12025683.26,49072442.27,61098125.53,835108.0,forecast,2031
2031-10,A321Neo,410.93,459638.5,1032114.52,4649402.28,5681517.64,87281.0,forecast,2031
2031-10,B38M,7948.95,8906429.67,17370752.58,72398610.72,89769369.26,1430810.0,forecast,2031
2031-11,A320,9034.55,9341921.03,23227202.89,90407029.17,113634232.06,1512384.0,forecast,2031
2031-11,A320Neo,1541.75,1727456.45,3369163.59,14042152.88,17411317.62,258088.0,forecast,2031
2031-11,A321,3315.27,3307373.29,9796309.91,39975179.97,49771489.87,680292.0,forecast,2031
2031-11,A321Neo,334.75,374428.72,840776.65,3787475.91,4628253.25,71100.0,forecast,2031
2031-11,B38M,6475.34,7255317.09,14150487.09,58977042.08,73127534.02,1165560.0,forecast,2031
2031-12,A320,9495.74,9818795.36,24412875.16,95022010.48,119434885.64,1589586.0,forecast,2031
2031-12,A320Neo,1620.45,1815637.42,3541148.31,14758958.57,18300108.09,271263.0,forecast,2031
2031-12,A321,3484.5,3476203.81,10296379.29,42015781.34,52312160.63,715019.0,forecast,2031
2031-12,A321Neo,351.84,393542.08,883695.53,3980814.09,4864510.34,74730.0,forecast,2031
2031-12,B38M,6805.88,7625677.15,14872822.88,61987625.98,76860453.97,1225059.0,forecast,2031
2032-01,A320,7821.14,8087228.06,20107608.09,78264658.9,98372266.99,1309259.0,forecast,2032
2032-01,A320Neo,1414.76,1585172.29,3091658.12,12885552.97,15977212.15,236831.0,forecast,2032
2032-01,A321,3042.2,3034957.25,8989424.3,36682573.07,45671997.37,624259.0,forecast,2032
2032-01,A321Neo,307.18,343588.42,771525.01,3475515.6,4247041.24,65244.0,forecast,2032
2032-01,B38M,7144.53,8005120.05,15612873.5,65072042.5,80684921.36,1286016.0,forecast,2032
2032-02,A320,7452.74,7706293.83,19160475.65,74578143.94,93738619.59,1247589.0,forecast,2032
2032-02,A320Neo,1348.12,1510505.62,2946031.16,12278602.34,15224634.52,225675.0,forecast,2032
2032-02,A321,2898.9,2892001.09,8565993.75,34954706.93,43520700.68,594855.0,forecast,2032
2032-02,A321Neo,292.71,327404.31,735183.72,3311807.74,4046992.06,62171.0,forecast,2032
2032-02,B38M,6808.0,7628053.37,14877457.38,62006941.84,76884404.32,1225440.0,forecast,2032
2032-03,A320,9273.29,9588785.38,23840991.89,92796074.48,116637066.38,1552350.0,forecast,2032
2032-03,A320Neo,1677.44,1879491.56,3665686.93,15278016.29,18943704.47,280803.0,forecast,2032
2032-03,A321,3607.04,3598458.4,10658492.59,43493434.09,54151926.67,740166.0,forecast,2032
2032-03,A321Neo,364.21,407382.56,914774.22,4120815.31,5035590.28,77358.0,forecast,2032
2032-03,B38M,8471.06,9491432.36,18511718.98,77153982.24,95665707.58,1524790.0,forecast,2032
2032-04,A320,9830.99,10165454.37,25274787.74,98376824.93,123651612.67,1645708.0,forecast,2032
2032-04,A320Neo,1778.32,1992524.07,3886141.12,16196835.28,20082977.74,297690.0,forecast,2032
2032-04,A321,3823.97,3814869.48,11299493.7,46109126.65,57408620.35,784679.0,forecast,2032
2032-04,A321Neo,386.11,431882.52,969788.68,4368640.9,5338430.38,82010.0,forecast,2032
2032-04,B38M,8980.51,10062246.55,19625012.67,81794018.18,101419037.59,1616491.0,forecast,2032
2032-05,A320,10636.43,10998297.47,27345519.82,106436716.44,133782236.26,1780539.0,forecast,2032
2032-05,A320Neo,1924.01,2155769.1,4204527.86,17523821.95,21728351.25,322080.0,forecast,2032
2032-05,A321,4137.27,4127417.01,12225247.23,49886790.33,62112037.56,848967.0,forecast,2032
2032-05,A321Neo,417.75,467266.12,1049242.27,4726558.24,5775801.37,88729.0,forecast,2032
2032-05,B38M,9716.27,10886633.95,21232865.67,88495300.86,109728173.82,1748928.0,forecast,2032
2032-06,A320,10883.64,11253917.08,27981077.4,108910491.4,136891568.8,1821921.0,forecast,2032
2032-06,A320Neo,1968.73,2205872.93,4302248.42,17931106.14,22233356.04,329566.0,forecast,2032
2032-06,A321,4233.42,4223345.39,12509383.31,51046246.36,63555629.66,868698.0,forecast,2032
2032-06,A321Neo,427.46,478126.2,1073628.49,4836411.7,5910041.07,90792.0,forecast,2032
2032-06,B38M,9942.09,11139658.32,21726354.51,90552086.02,112278447.99,1789577.0,forecast,2032
2032-07,A320,11614.54,12009686.15,29860177.15,116224494.15,146084671.29,1944275.0,forecast,2032
2032-07,A320Neo,2100.94,2354010.73,4591170.6,19135289.12,23726461.29,351698.0,forecast,2032
2032-07,A321,4517.72,4506968.75,13349464.58,54474312.66,67823777.24,927037.0,forecast,2032
2032-07,A321Neo,456.16,510235.29,1145729.18,5161206.2,6306936.32,96889.0,forecast,2032
2032-07,B38M,10609.76,11887754.21,23185411.52,96633210.05,119818629.53,1909758.0,forecast,2032
2032-08,A320,11742.71,12142209.12,30189674.46,117506993.53,147696667.99,1965729.0,forecast,2032
2032-08,A320Neo,2124.13,2379986.48,4641832.67,19346440.79,23988275.05,355579.0,forecast,2032
2032-08,A321,4567.57,4556701.68,13496771.56,55075418.93,68572190.5,937266.0,forecast,2032
2032-08,A321Neo,461.2,515865.57,1158371.93,5218158.43,6376531.31,97958.0,forecast,2032
2032-08,B38M,10726.84,12018931.7,23441254.98,97699526.0,121140789.02,1930831.0,forecast,2032
2032-09,A320,10796.23,11163535.31,27756357.47,108035816.09,135792173.56,1807289.0,forecast,2032
2032-09,A320Neo,1952.92,2188157.26,4267696.46,17787098.93,22054796.86,326919.0,forecast,2032
2032-09,A321,4199.42,4189427.11,12408918.71,50636286.85,63045205.56,861722.0,forecast,2032
2032-09,A321Neo,424.02,474286.3,1065006.03,4797569.81,5862576.71,90063.0,forecast,2032
2032-09,B38M,9862.25,11050194.17,21551867.13,89824849.62,111376724.15,1775204.0,forecast,2032
2032-10,A320,10471.27,10827514.73,26920895.66,104783955.73,131704851.39,1752890.0,forecast,2032
2032-10,A320Neo,1894.14,2122294.09,4139239.5,17251710.17,21390951.09,317079.0,forecast,2032
2032-10,A321,4073.02,4063326.04,12035412.29,49112142.91,61147555.2,835784.0,forecast,2032
2032-10,A321Neo,411.26,460010.36,1032949.52,4653163.74,5686114.11,87352.0,forecast,2032
2032-10,B38M,9565.39,10717585.14,20903159.46,87121136.37,108024303.01,1721771.0,forecast,2032
2032-11,A320,8530.06,8820263.06,21930183.2,85358651.29,107288834.49,1427932.0,forecast,2032
2032-11,A320Neo,1542.99,1728854.0,3371889.32,14053513.27,17425403.75,258297.0,forecast,2032
2032-11,A321,3317.95,3310049.03,9804235.33,40007520.73,49811756.06,680843.0,forecast,2032
2032-11,A321Neo,335.02,374731.64,841456.86,3790540.05,4631997.6,71158.0,forecast,2032
2032-11,B38M,7792.12,8730712.69,17028041.05,70970242.04,87998288.93,1402582.0,forecast,2032
2032-12,A320,8965.49,9270508.46,23049646.88,89715929.53,112765576.41,1500823.0,forecast,2032
2032-12,A320Neo,1621.76,1817106.31,3544013.17,14770898.88,18314913.26,271482.0,forecast,2032
2032-12,A321,3487.32,3479016.14,10304709.28,42049773.0,52354482.28,715598.0,forecast,2032
2032-12,A321Neo,352.12,393860.46,884410.46,3984034.65,4868445.84,74790.0,forecast,2032
2032-12,B38M,8189.88,9176386.84,17897266.51,74593039.33,92490311.98,1474179.0,forecast,2032
2033-01,A320,6836.83,7069429.21,17577012.91,68414846.44,85991859.35,1144485.0,forecast,2033
2033-01,A320Neo,1472.27,1649612.14,3217339.1,13409371.85,16626712.05,246458.0,forecast,2033
2033-01,A321,3165.87,3158333.25,9354859.15,38173779.89,47528639.04,649636.0,forecast,2033
2033-01,A321Neo,319.66,357555.86,802888.77,3616801.02,4419690.44,67896.0,forecast,2033
2033-01,B38M,8686.4,9732711.64,18982300.66,79115293.92,98097601.1,1563552.0,forecast,2033
2033-02,A320,6514.79,6736436.56,16749079.56,65192289.05,81941368.62,1090577.0,forecast,2033
2033-02,A320Neo,1402.92,1571910.15,3065792.17,12777747.69,15843540.9,234849.0,forecast,2033
2033-02,A321,3016.75,3009565.68,8914215.46,36375673.15,45289888.61,619036.0,forecast,2033
2033-02,A321Neo,304.61,340713.84,765070.14,3446438.16,4211508.93,64698.0,forecast,2033
2033-02,B38M,8277.24,9274269.89,18088173.78,75388711.34,93476891.34,1489904.0,forecast,2033
2033-03,A320,8106.23,8382011.61,20840540.57,81117445.28,101957985.86,1356982.0,forecast,2033
2033-03,A320Neo,1745.63,1955895.97,3814703.12,15899092.73,19713797.16,292218.0,forecast,2033
2033-03,A321,3753.68,3744741.64,11091777.81,45261513.58,56353291.39,770255.0,forecast,2033
2033-03,A321Neo,379.02,423943.33,951961.29,4288333.22,5240295.29,80503.0,forecast,2033
2033-03,B38M,10299.2,11539786.25,22506748.4,93804647.09,116311403.22,1853857.0,forecast,2033
2033-04,A320,8593.73,8886105.29,22093889.46,85995843.66,108089733.11,1438591.0,forecast,2033
2033-04,A320Neo,1850.61,2073523.44,4044119.14,16855263.23,20899383.75,309792.0,forecast,2033
2033-04,A321,3979.42,3969950.19,11758836.67,47983538.34,59742375.01,816578.0,forecast,2033
2033-04,A321Neo,401.81,449439.25,1009212.19,4546233.32,5555446.34,85344.0,forecast,2033
2033-04,B38M,10918.6,12233788.31,23860302.92,99446053.04,123306364.14,1965348.0,forecast,2033
2033-05,A320,9297.81,9614132.9,23904014.47,93041376.7,116945391.17,1556453.0,forecast,2033
2033-05,A320Neo,2002.23,2243404.65,4375448.81,18236194.08,22611644.4,335173.0,forecast,2033
2033-05,A321,4305.45,4295203.29,12722223.6,51914770.25,64636993.85,883479.0,forecast,2033
2033-05,A321Neo,434.73,486261.26,1091895.69,4918700.59,6010597.18,92336.0,forecast,2033
2033-05,B38M,11813.15,13236087.45,25815148.01,107593545.08,133408701.95,2126366.0,forecast,2033
2033-06,A320,9513.91,9837582.12,24459585.47,95203820.59,119663406.06,1592628.0,forecast,2033
2033-06,A320Neo,2048.76,2295545.29,4477141.88,18660035.04,23137178.46,342963.0,forecast,2033
2033-06,A321,4405.52,4395031.31,13017910.27,53121360.07,66139270.34,904012.0,forecast,2033
2033-06,A321Neo,444.83,497562.82,1117273.25,5033019.78,6150293.94,94482.0,forecast,2033
2033-06,B38M,12087.7,13543717.21,26415137.08,110094206.75,136509352.9,2175787.0,forecast,2033
2033-07,A320,10152.82,10498235.67,26102195.59,101597336.92,127699532.51,1699582.0,forecast,2033
2033-07,A320Neo,2186.35,2449705.14,4777809.22,19913170.03,24690980.89,365995.0,forecast,2033
2033-07,A321,4701.38,4690184.43,13892142.22,56688782.9,70580925.12,964722.0,forecast,2033
2033-07,A321Neo,474.71,530977.19,1192304.95,5371017.7,6563323.64,100828.0,forecast,2033
2033-07,B38M,12899.47,14453260.3,28189074.4,117487703.2,145676787.27,2321904.0,forecast,2033
2033-08,A320,10264.86,10614080.28,26390224.8,102718430.4,129108655.2,1718337.0,forecast,2033
2033-08,A320Neo,2210.48,2476736.83,4830530.79,20132905.37,24963437.81,370034.0,forecast,2033
2033-08,A321,4753.25,4741939.08,14045437.48,57314325.12,71359762.61,975368.0,forecast,2033
2033-08,A321Neo,479.94,536836.35,1205461.65,5430285.13,6635747.77,101940.0,forecast,2033
2033-08,B38M,13041.81,14612747.31,28500131.64,118784141.68,147284283.1,2347525.0,forecast,2033
2033-09,A320,9437.5,9758575.13,24263147.13,94439225.46,118702372.6,1579837.0,forecast,2033
2033-09,A320Neo,2032.31,2277109.45,4441185.33,18510173.71,22951360.56,340209.0,forecast,2033
2033-09,A321,4370.14,4359734.2,12913361.62,52694735.03,65608096.66,896752.0,forecast,2033
2033-09,A321Neo,441.26,493566.82,1108300.27,4992598.89,6100900.08,93724.0,forecast,2033
2033-09,B38M,11990.63,13434945.73,26202993.44,109210024.86,135413027.29,2158313.0,forecast,2033
2033-10,A320,9153.43,9464843.62,23532830.38,91596620.25,115129450.64,1532284.0,forecast,2033
2033-10,A320Neo,1971.14,2208568.82,4307506.38,17953020.51,22260528.37,329968.0,forecast,2033
2033-10,A321,4238.6,4228506.92,12524671.56,51108632.14,63633303.7,869760.0,forecast,2033
2033-10,A321Neo,427.98,478710.54,1074940.62,4842322.49,5917263.98,90903.0,forecast,2033
2033-10,B38M,11629.71,13030556.07,25414287.63,105922821.01,131337117.36,2093348.0,forecast,2033
2033-11,A320,7456.53,7710209.83,19170212.16,74616041.3,93786253.46,1248223.0,forecast,2033
2033-11,A320Neo,1605.72,1799134.75,3508962.15,14624811.66,18133775.02,268797.0,forecast,2033
2033-11,A321,3452.83,3444607.95,10202793.59,41633892.12,51836685.71,708520.0,forecast,2033
2033-11,A321Neo,348.64,389965.1,875663.46,3944631.73,4820295.91,74051.0,forecast,2033
2033-11,B38M,9473.74,10614895.04,20702876.7,86286388.79,106989272.59,1705274.0,forecast,2033
2033-12,A320,7837.16,8103790.67,20148788.4,78424944.64,98573733.05,1311940.0,forecast,2033
2033-12,A320Neo,1687.69,1890974.66,3688083.12,15371360.16,19059444.55,282519.0,forecast,2033
2033-12,A321,3629.08,3620443.85,10723612.63,43759165.3,54482777.93,744688.0,forecast,2033
2033-12,A321Neo,366.43,409871.54,920363.2,4145992.2,5066356.15,77831.0,forecast,2033
2033-12,B38M,9957.35,11156750.49,21759690.42,90691024.97,112450722.86,1792322.0,forecast,2033
2034-01,A320,4711.2,4871480.67,12112162.97,47144061.04,59256224.01,788655.0,forecast,2034
2034-01,A320Neo,1638.85,1836261.05,3581371.83,14926603.98,18507977.03,274344.0,forecast,2034
2034-01,A321,3524.08,3515689.64,10413334.74,42493034.05,52906368.79,723141.0,forecast,2034
2034-01,A321Neo,355.83,398012.28,893733.34,4026031.72,4919765.79,75579.0,forecast,2034
2034-01,B38M,10980.32,12302949.0,23995191.23,100008246.64,124003446.11,1976458.0,forecast,2034
2034-02,A320,4489.29,4642018.4,11541641.48,44923425.46,56465066.94,751507.0,forecast,2034
2034-02,A320Neo,1561.66,1749767.3,3412677.79,14223513.34,17636192.31,261422.0,forecast,2034
2034-02,A321,3358.08,3350089.45,9922833.48,40491476.67,50414310.15,689079.0,forecast,2034
2034-02,A321Neo,339.07,379264.63,851635.65,3836392.79,4688029.14,72019.0,forecast,2034
2034-02,B38M,10463.12,11723440.88,22864941.22,95297539.38,118162488.45,1883361.0,forecast,2034
2034-03,A320,5585.93,5775969.51,14361030.8,55897308.71,70258339.51,935084.0,forecast,2034
2034-03,A320Neo,1943.14,2177200.02,4246325.88,17698029.66,21944357.0,325282.0,forecast,2034
2034-03,A321,4178.39,4168448.47,12346780.78,50382724.57,62729505.35,857407.0,forecast,2034
2034-03,A321Neo,421.9,471911.3,1059672.99,4773545.87,5833219.73,89612.0,forecast,2034
2034-03,B38M,13019.04,14587240.12,28450383.4,118576798.71,147027191.88,2343428.0,forecast,2034
2034-04,A320,5921.87,6123335.97,15224702.35,59258969.56,74483671.9,991320.0,forecast,2034
2034-04,A320Neo,2060.0,2308136.7,4501699.67,18762388.12,23264089.33,344844.0,forecast,2034
2034-04,A321,4429.68,4419138.71,13089315.45,53412738.65,66502054.1,908971.0,forecast,2034
2034-04,A321Neo,447.27,500292.02,1123401.66,5060626.64,6184029.22,95001.0,forecast,2034
2034-04,B38M,13802.01,15464515.88,30161387.78,125708000.39,155869398.53,2484361.0,forecast,2034
2034-05,A320,6407.04,6625013.31,16472043.37,64113983.59,80586026.96,1072538.0,forecast,2034
2034-05,A320Neo,2228.77,2497239.48,4870518.35,20299567.36,25170087.38,373097.0,forecast,2034
2034-05,A321,4792.6,4781193.28,14161706.87,57788778.22,71950485.09,983442.0,forecast,2034
2034-05,A321Neo,483.92,541280.33,1215440.57,5475237.52,6690679.08,102784.0,forecast,2034
2034-05,B38M,14932.79,16731504.52,32632472.95,136007101.28,168639585.43,2687902.0,forecast,2034
2034-06,A320,6555.95,6778990.18,16854882.39,65604104.41,82458986.8,1097466.0,forecast,2034
2034-06,A320Neo,2280.57,2555279.68,4983717.69,20771364.71,25755084.12,381768.0,forecast,2034
2034-06,A321,4903.99,4892316.55,14490849.64,59131890.23,73622739.87,1006299.0,forecast,2034
2034-06,A321Neo,495.16,553860.63,1243689.53,5602491.59,6846182.14,105173.0,forecast,2034
2034-06,B38M,15279.85,17120373.87,33390908.55,139168143.57,172559063.57,2750373.0,forecast,2034
2034-07,A320,6996.22,7234240.65,17986790.38,70009819.54,87996609.93,1171167.0,forecast,2034
2034-07,A320Neo,2433.73,2726882.27,5318404.69,22166288.35,27484694.86,407406.0,forecast,2034
2034-07,A321,5233.32,5220865.4,15463998.44,63102956.77,78566955.21,1073878.0,forecast,2034
2034-07,A321Neo,528.42,591055.74,1327210.86,5978733.02,7305944.96,112236.0,forecast,2034
2034-07,B38M,16305.99,18270111.24,35633311.4,148514131.92,184147455.55,2935078.0,forecast,2034
2034-08,A320,7073.42,7314068.14,18185268.75,70782355.06,88967623.81,1184091.0,forecast,2034
2034-08,A320Neo,2460.58,2756972.53,5377091.55,22410886.11,27787979.5,411902.0,forecast,2034
2034-08,A321,5291.07,5278475.94,15634638.62,63799277.31,79433915.93,1085728.0,forecast,2034
2034-08,A321Neo,534.25,597577.85,1341856.19,6044706.39,7386563.68,113474.0,forecast,2034
2034-08,B38M,16485.92,18471715.96,36026513.37,150152936.92,186179462.66,2967465.0,forecast,2034
2034-09,A320,6503.3,6724547.16,16719518.48,65077228.72,81796747.2,1088652.0,forecast,2034
2034-09,A320Neo,2262.26,2534757.88,4943692.76,20604546.99,25548241.45,378702.0,forecast,2034
2034-09,A321,4864.61,4853025.67,14374471.61,58656993.79,73031465.4,998217.0,forecast,2034
2034-09,A321Neo,491.19,549412.49,1233701.29,5557497.2,6791199.5,104328.0,forecast,2034
2034-09,B38M,15157.14,16982877.77,33122741.51,138050464.84,171173217.72,2728285.0,forecast,2034
2034-10,A320,6307.55,6522139.4,16216263.72,63118414.8,79334678.52,1055883.0,forecast,2034
2034-10,A320Neo,2194.17,2458462.08,4794888.42,19984353.5,24779243.57,367303.0,forecast,2034
2034-10,A321,4718.18,4706950.4,13941802.37,56891427.9,70833230.26,968171.0,forecast,2034
2034-10,A321Neo,476.4,532875.27,1196567.08,5390217.44,6586785.5,101188.0,forecast,2034
2034-10,B38M,14700.91,16471695.93,32125752.42,133895168.48,166020931.93,2646164.0,forecast,2034
2034-11,A320,5138.23,5313036.89,13210022.38,51417249.16,64627271.53,860139.0,forecast,2034
2034-11,A320Neo,1787.4,2002701.71,3905991.2,16279567.33,20185559.87,299211.0,forecast,2034
2034-11,A321,3843.5,3834355.5,11357210.54,46344648.1,57701858.65,788687.0,forecast,2034
2034-11,A321Neo,388.09,434088.54,974742.28,4390955.54,5365698.62,82429.0,forecast,2034
2034-11,B38M,11975.59,13418101.46,26170141.03,109073101.09,135243251.1,2155607.0,forecast,2034
2034-12,A320,5400.52,5584249.94,13884350.54,54041930.51,67926281.05,904047.0,forecast,2034
2034-12,A320Neo,1878.64,2104933.04,4105379.19,17110585.66,21215966.27,314485.0,forecast,2034
2034-12,A321,4039.7,4030086.73,11936958.76,48710389.87,60647348.63,828947.0,forecast,2034
2034-12,A321Neo,407.9,456247.33,1024499.67,4615099.37,5639599.88,86637.0,forecast,2034
2034-12,B38M,12586.91,14103051.38,27506040.6,114640923.94,142146973.98,2265643.0,forecast,2034
2035-01,A320,2028.46,2097467.15,5215018.94,20298370.49,25513389.43,339564.0,forecast,2035
2035-01,A320Neo,1834.63,2055615.83,4009192.83,16709695.78,20718889.99,307117.0,forecast,2035
2035-01,A321,3945.06,3935664.43,11657283.59,47569137.15,59226420.74,809525.0,forecast,2035
2035-01,A321Neo,398.34,445557.75,1000496.31,4506970.6,5507467.73,84607.0,forecast,2035
2035-01,B38M,13759.71,15417118.73,30068946.24,125322718.36,155391674.93,2476747.0,forecast,2035
2035-02,A320,1932.91,1998669.76,4969374.92,19342252.52,24311627.45,323569.0,forecast,2035
2035-02,A320Neo,1748.21,1958789.77,3820347.07,15922615.84,19742964.22,292650.0,forecast,2035
2035-02,A321,3759.23,3750282.08,11108188.37,45328479.13,56436667.5,771394.0,forecast,2035
2035-02,A321Neo,379.58,424570.56,953369.74,4294677.91,5248048.44,80622.0,forecast,2035
2035-02,B38M,13111.58,14690923.29,28652603.01,119419618.77,148072231.62,2360084.0,forecast,2035
2035-03,A320,2405.08,2486904.32,6183292.6,24067173.18,30250465.78,402610.0,forecast,2035
2035-03,A320Neo,2175.26,2437282.45,4753580.5,19812188.49,24565770.63,364139.0,forecast,2035
2035-03,A321,4677.53,4666400.06,13821693.88,56401308.79,70223002.67,959830.0,forecast,2035
2035-03,A321Neo,472.3,528284.55,1186258.67,5343780.77,6530040.41,100316.0,forecast,2035
2035-03,B38M,16314.47,18279618.39,35651853.78,148591413.69,184243279.7,2936605.0,forecast,2035
2035-04,A320,2549.72,2636466.6,6555155.45,25514571.56,32069727.01,426823.0,forecast,2035
2035-04,A320Neo,2306.08,2583860.48,5039460.56,21003692.34,26043154.62,386038.0,forecast,2035
2035-04,A321,4958.84,4947037.09,14652929.73,59793280.18,74446209.91,1017554.0,forecast,2035
2035-04,A321Neo,500.7,560055.56,1257600.19,5665155.43,6922756.66,106349.0,forecast,2035
2035-04,B38M,17295.62,19378953.56,37795954.16,157527692.54,195323659.68,3113212.0,forecast,2035
2035-05,A320,2758.62,2852469.04,7092211.23,27604948.82,34697160.05,461792.0,forecast,2035
2035-05,A320Neo,2495.02,2795552.97,5452337.32,22724498.86,28176838.05,417666.0,forecast,2035
2035-05,A321,5365.11,5352341.71,15853426.13,64692069.62,80545495.75,1100921.0,forecast,2035
2035-05,A321Neo,541.72,605940.21,1360633.82,6129294.61,7489929.54,115062.0,forecast,2035
2035-05,B38M,18712.63,20966647.24,40892529.91,170433741.43,211326285.37,3368274.0,forecast,2035
2035-06,A320,2822.73,2918765.4,7257046.59,28246535.99,35503582.58,472525.0,forecast,2035
2035-06,A320Neo,2553.01,2860526.49,5579059.15,23252655.85,28831716.92,427373.0,forecast,2035
2035-06,A321,5489.81,5476739.47,16221887.41,66195626.17,82417513.57,1126509.0,forecast,2035
2035-06,A321Neo,554.32,620023.32,1392257.32,6271750.11,7664008.57,117737.0,forecast,2035
2035-06,B38M,19147.55,21453948.7,41842943.64,174394918.88,216237876.88,3446559.0,forecast,2035
2035-07,A320,3012.3,3114778.27,7744401.46,30143462.9,37887864.36,504258.0,forecast,2035
2035-07,A320Neo,2724.46,3052628.27,5953726.95,24814213.3,30767942.29,456074.0,forecast,2035
2035-07,A321,5858.48,5844535.88,17311285.93,70641065.59,87952351.52,1202160.0,forecast,2035
2035-07,A321Neo,591.54,661661.66,1485755.88,6692936.32,8178693.42,125643.0,forecast,2035
2035-07,B38M,20433.42,22894712.01,44652952.12,186106599.72,230759567.17,3678016.0,forecast,2035
2035-08,A320,3045.54,3149148.83,7829858.4,30476086.18,38305944.58,509823.0,forecast,2035
2035-08,A320Neo,2754.52,3086313.02,6019424.38,25088030.05,31107456.5,461107.0,forecast,2035
2035-08,A321,5923.13,5909028.43,17502310.33,71420566.7,88922877.03,1215426.0,forecast,2035
2035-08,A321Neo,598.07,668962.88,1502150.71,6766790.69,8268942.63,127030.0,forecast,2035
2035-08,B38M,20658.9,23147347.69,45145682.88,188160225.35,233305923.72,3718602.0,forecast,2035
2035-09,A320,2800.06,2895324.39,7198764.24,28019684.13,35218448.36,468730.0,forecast,2035
2035-09,A320Neo,2532.5,2837553.21,5534252.95,23065910.54,28600165.39,423941.0,forecast,2035
2035-09,A321,5445.72,5432755.01,16091607.17,65663999.88,81755607.05,1117461.0,forecast,2035
2035-09,A321Neo,549.86,615043.83,1381075.91,6221380.81,7602457.85,116791.0,forecast,2035
2035-09,B38M,18993.77,21281649.05,41506897.14,172994329.02,214501240.4,3418879.0,forecast,2035
2035-10,A320,2715.78,2808175.6,6982082.61,27176296.23,34158378.84,454622.0,forecast,2035
2035-10,A320Neo,2456.27,2752143.32,5367672.84,22371630.41,27739305.1,411180.0,forecast,2035
2035-10,A321,5281.8,5269229.98,15607252.43,63687524.25,79294776.68,1083826.0,forecast,2035
2035-10,A321Neo,533.31,596531.11,1339505.75,6034118.26,7373625.11,113276.0,forecast,2035
2035-10,B38M,18422.06,20641074.9,40257546.34,167787228.07,208044788.23,3315971.0,forecast,2035
2035-11,A320,2212.32,2287583.82,5687713.84,22138236.5,27825950.34,370342.0,forecast,2035
2035-11,A320Neo,2000.92,2241939.05,4372590.36,18224280.48,22596872.34,334954.0,forecast,2035
2035-11,A321,4302.64,4292397.26,12713912.25,51880854.62,64594766.87,882902.0,forecast,2035
2035-11,A321Neo,434.44,485943.58,1091182.36,4915487.24,6006670.49,92276.0,forecast,2035
2035-11,B38M,15006.9,16814542.86,32794427.69,136682103.6,169476542.55,2701242.0,forecast,2035
2035-12,A320,2325.25,2404357.45,5978052.91,23268320.62,29246373.53,389247.0,forecast,2035
2035-12,A320Neo,2103.06,2356382.66,4595796.71,19154570.02,23750368.31,352052.0,forecast,2035
2035-12,A321,4522.28,4511510.01,13362915.63,54529201.51,67892117.14,927971.0,forecast,2035
2035-12,A321Neo,456.62,510749.4,1146883.63,5166406.68,6313291.25,96987.0,forecast,2035
2035-12,B38M,15772.95,17672869.94,34468475.3,143659275.17,178127762.3,2839131.0,forecast,2035
